ASC100	Ammann
ASC110	Ammann
ASC130	Ammann
ASC150	Ammann
ASC200	Ammann
ASC250	Ammann
ASC70	Ammann
ASC90	Ammann
AV 115-2	Ammann
AV 85-2	Ammann
AV 95-2	Ammann
VH1150	Ammann
VH170	Ammann
VH1700	Ammann
VH180	Ammann
VH250	Ammann
VH270	Ammann
VH300	Ammann
VH350	Ammann
VH850	Ammann
VH950	Ammann
VV1100	Ammann
VV2010	Ammann
VV2510	Ammann
VV700	Ammann
VV910	Ammann
1304M	Atlas
1305LC	Atlas
1305M	Atlas
1404KZW	Atlas
1404MK	Atlas
1505M	Atlas
1505MI	Atlas
1508	Atlas
1604MK	Atlas
1605M	Atlas
1605RLC	Atlas
1705M	Atlas
1805M	Atlas
1905M	Atlas
1905MI	Atlas
2005M	Atlas
5005M	Atlas
ROC F9-11	Atlas-Copco
ROC L8 TH, SM	Atlas-Copco
315 SJ	Bell
670G	Bell
1806C	Bell
2106D	Bell
B20C	Bell
B25	Bell
B25-IV	Bell
B25/30C	Bell
B25/40C	Bell
B25/40D	Bell
B25A	Bell
B25C	Bell
B25C-II	Bell
B25C/D	Bell
B25D	Bell
B25D-IV	Bell
B25DII	Bell
B30	Bell
B30C	Bell
B30D	Bell
B30D-III	Bell
B40	Bell
B40-III	Bell
B40/50D	Bell
B40B	Bell
B40B/C	Bell
B40C	Bell
B40D	Bell
B40D-II	Bell
B40D-III	Bell
B40D-IV	Bell
B50D	Bell
BW100	Bomag
BW115	Bomag
BW120	Bomag
BW125	Bomag
BW130	Bomag
BW135	Bomag
BW138	Bomag
BW141	Bomag
BW144	Bomag
BW151	Bomag
BW154	Bomag
BW161	Bomag
BW164	Bomag
BW170	Bomag
BW174	Bomag
BW180	Bomag
BW184	Bomag
BW190	Bomag
BW202	Bomag
BW203	Bomag
BW266	Bomag
BW278	Bomag
BW284	Bomag
BW75	Bomag
BW80	Bomag
BW90	Bomag
BW900	Bomag
DX140LCR	Doosan
DX140W	Doosan
DX140W-3	Doosan
DX15	Doosan
DX160LC	Doosan
DX160W	Doosan
DX160W-3	Doosan
DX170W	Doosan
DX180LC	Doosan
DX190W	Doosan
DX190W-3	Doosan
DX210W	Doosan
DX225LC	Doosan
DX235LCR	Doosan
DX255LC	Doosan
DX27Z	Doosan
DX300LC	Doosan
DX30Z	Doosan
DX350LC	Doosan
DX35Z	Doosan
DX380LC	Doosan
DX420LC	Doosan
DX480LC	Doosan
DX520LC	Doosan
DX55	Doosan
DX55W	Doosan
DX60R	Doosan
DX700LC	Doosan
DX80R	Doosan
SL130-III	Doosan
SL130LC-V	Doosan
SL130W-III	Doosan
SL130W-V	Doosan
SL140LC-V	Doosan
SL140W-V	Doosan
SL150LC-V	Doosan
SL155LC-V	Doosan
SL160W-V	Doosan
SL170-III	Doosan
SL170LC-V	Doosan
SL170W-III	Doosan
SL170W-V	Doosan
SL175LC-V	Doosan
SL180W-V	Doosan
SL185W-V	Doosan
SL200W-III	Doosan
SL200W-V	Doosan
SL210W-V	Doosan
SL220LC-III	Doosan
SL220LC-V	Doosan
SL220N-V	Doosan
SL225LC-V	Doosan
SL230LC-V	Doosan
SL250LC-V	Doosan
SL255LC-V	Doosan
SL280LC-III	Doosan
SL330-III	Doosan
SL400LC-III	Doosan
SL450-III	Doosan
SL55W-V	Doosan
SL70-III	Doosan
SOLAR 010	Doosan
SOLAR 015	Doosan
SOLAR 030	Doosan
SOLAR 035	Doosan
SOLAR 55	Doosan
SOLAR 75-V	Doosan
430	Doosan
430 PLUS	Doosan
440 PLUS	Doosan
450	Doosan
450 PLUS	Doosan
460	Doosan
460 PLUS	Doosan
470 PLUS	Doosan
DL160	Doosan
DL200	Doosan
DL200-3	Doosan
DL250	Doosan
DL250-3	Doosan
DL300	Doosan
DL300-3	Doosan
DL350	Doosan
DL350-3	Doosan
DL400	Doosan
DL450	Doosan
DL450-3	Doosan
DL500	Doosan
DL550	Doosan
DL550-3	Doosan
MEGA 160	Doosan
MEGA 200-III	Doosan
MEGA 200-V	Doosan
MEGA 250-III	Doosan
MEGA 250-V	Doosan
MEGA 300	Doosan
MEGA 300-III	Doosan
MEGA 300-V	Doosan
MEGA 400-III PLUS	Doosan
MEGA 400-V	Doosan
MEGA 500-V	Doosan
SD200	Doosan
SD300	Doosan
212	FAI
222	FAI
230	FAI
235	FAI
245	FAI
BX70	Hitachi
BX70D	Hitachi
218HSL	Hitachi
CX1000	Hitachi
CX1000-C	Hitachi
CX1100	Hitachi
CX1200W	Hitachi
CX1800	Hitachi
CX2000	Hitachi
CX350DR	Hitachi
CX400	Hitachi
CX500	Hitachi
CX500DR	Hitachi
CX500PD	Hitachi
CX500S	Hitachi
CX500W	Hitachi
CX500W-C	Hitachi
CX550	Hitachi
CX650-2	Hitachi
CX700	Hitachi
CX700HD	Hitachi
CX900	Hitachi
CX900-2	Hitachi
CX900HD	Hitachi
KH100	Hitachi
KH1000	Hitachi
KH100D	Hitachi
KH125	Hitachi
KH125-3	Hitachi
KH150	Hitachi
KH150-3	Hitachi
KH180	Hitachi
KH180-3	Hitachi
KH230-3	Hitachi
KH250HD	Hitachi
KH300	Hitachi
KH500-3	Hitachi
KH70	Hitachi
KH75	Hitachi
KH850-3	Hitachi
ML250R	Hitachi
SCX1200-2	Hitachi
SCX1500-2	Hitachi
SCX2800-2	Hitachi
SCX300	Hitachi
SCX300-C	Hitachi
SCX400	Hitachi
SCX400-C3	Hitachi
SCX400T	Hitachi
SCX400T-C3	Hitachi
SCX500	Hitachi
SCX500-C	Hitachi
SCX500W	Hitachi
SCX550	Hitachi
SCX550-C	Hitachi
SCX700	Hitachi
SCX700-2	Hitachi
SCX700-C3	Hitachi
SCX700HD	Hitachi
SCX800	Hitachi
SCX800-2	Hitachi
SCX800HD-2	Hitachi
SCX900	Hitachi
SCX900-2	Hitachi
SCX900-2C3	Hitachi
SCX900HD	Hitachi
SCX900HD-C	Hitachi
TX160	Hitachi
TX40UR-3	Hitachi
TX75US	Hitachi
UCX300	Hitachi
DX40-C	Hitachi
DX40M-C	Hitachi
DX40MM-C	Hitachi
DX75	Hitachi
DX75L	Hitachi
DX75M	Hitachi
DX75M-D	Hitachi
FV30	Hitachi
EX100	Hitachi
EX1000	Hitachi
EX1100	Hitachi
EX12	Hitachi
EX120	Hitachi
EX120-5	Hitachi
EX1200-5	Hitachi
EX130H-5	Hitachi
EX135UR	Hitachi
EX140US-5	Hitachi
EX15	Hitachi
EX150	Hitachi
EX1800	Hitachi
EX1900-5	Hitachi
EX200	Hitachi
EX20U-3	Hitachi
EX210H-5	Hitachi
EX220	Hitachi
EX230-5	Hitachi
EX25	Hitachi
EX2500	Hitachi
EX270	Hitachi
EX30	Hitachi
EX300	Hitachi
EX310H-3C	Hitachi
EX35	Hitachi
EX3500	Hitachi
EX350H-5	Hitachi
EX370-5M	Hitachi
EX40	Hitachi
EX400	Hitachi
EX45	Hitachi
EX450H-5	Hitachi
EX5	Hitachi
EX50U	Hitachi
EX550	Hitachi
EX5500	Hitachi
EX55UR	Hitachi
EX60	Hitachi
EX600H-3	Hitachi
EX700	Hitachi
EX70LCK-5	Hitachi
EX750-5	Hitachi
EX75UR	Hitachi
EX8	Hitachi
EX8000	Hitachi
EX800H-5	Hitachi
EX80U	Hitachi
EX90	Hitachi
MA125-2	Hitachi
MA145-5	Hitachi
MA200	Hitachi
UH02	Hitachi
UH03D	Hitachi
UH04	Hitachi
UH041	Hitachi
UH052	Hitachi
UH061	Hitachi
UH06D	Hitachi
UH07	Hitachi
UH071	Hitachi
UH083	Hitachi
UH09	Hitachi
UH101	Hitachi
UH123	Hitachi
UH14	Hitachi
UH143	Hitachi
UH171	Hitachi
UH181	Hitachi
UH20	Hitachi
UH261	Hitachi
UH30	Hitachi
UH501	Hitachi
UH801	Hitachi
WH03	Hitachi
WH051	Hitachi
ZH200-A	Hitachi
ZH200LC-A	Hitachi
ZX1000K-3	Hitachi
ZX10U-2	Hitachi
ZX110	Hitachi
ZX110-3	Hitachi
ZX110-3-AMS	Hitachi
ZX110-3-HCME	Hitachi
ZX110-AMS	Hitachi
ZX110-E	Hitachi
ZX110-HCME	Hitachi
ZX110M	Hitachi
ZX110M-3	Hitachi
ZX110M-3-HCME	Hitachi
ZX110M-HCME	Hitachi
ZX120	Hitachi
ZX120-3	Hitachi
ZX120-E	Hitachi
ZX120-HCMC	Hitachi
ZX120-HHE	Hitachi
ZX125US	Hitachi
ZX125US-E	Hitachi
ZX125W	Hitachi
ZX130-3	Hitachi
ZX130-3-AMS	Hitachi
ZX130-3-HCME	Hitachi
ZX130-AMS	Hitachi
ZX130-HCME	Hitachi
ZX130H	Hitachi
ZX130K	Hitachi
ZX130K-3	Hitachi
ZX130L	Hitachi
ZX130L-3	Hitachi
ZX130L-3HCME	Hitachi
ZX130LCN-3F-AMS	Hitachi
ZX130LCN-3FHCME	Hitachi
ZX130MT	Hitachi
ZX130W	Hitachi
ZX130W-AMS	Hitachi
ZX135UR	Hitachi
ZX135US	Hitachi
ZX135US-3	Hitachi
ZX135US-3-HCME	Hitachi
ZX135US-3F-AMS	Hitachi
ZX135US-3F-HCME	Hitachi
ZX135US-E	Hitachi
ZX135US-HCME	Hitachi
ZX135USK	Hitachi
ZX135USK-3	Hitachi
ZX135USL	Hitachi
ZX135USL-3	Hitachi
ZX135USL-HCME	Hitachi
ZX135UST	Hitachi
ZX14-3	Hitachi
ZX140W-3	Hitachi
ZX140W-3-AMS	Hitachi
ZX140W-3DARUMA	Hitachi
ZX145W-3	Hitachi
ZX145W-3-AMS	Hitachi
ZX16	Hitachi
ZX160	Hitachi
ZX160LC-3	Hitachi
ZX160LC-3-AMS	Hitachi
ZX160LC-AMS	Hitachi
ZX160LC-HCME	Hitachi
ZX160LCT	Hitachi
ZX160W	Hitachi
ZX160W-AMS	Hitachi
ZX170W-3	Hitachi
ZX170W-3-AMS	Hitachi
ZX170W-3DARUMA	Hitachi
ZX170W-3F-AMS	Hitachi
ZX170W-3F-HCME	Hitachi
ZX170WM-3	Hitachi
ZX18	Hitachi
ZX1800K-3	Hitachi
ZX180LC	Hitachi
ZX180LC-3	Hitachi
ZX180LC-3-AMS	Hitachi
ZX180LC-3-HCME	Hitachi
ZX180LC-AMS	Hitachi
ZX180LC-HCME	Hitachi
ZX180W	Hitachi
ZX180W-AMS	Hitachi
ZX185USR	Hitachi
ZX190W-3	Hitachi
ZX190W-3-AMS	Hitachi
ZX190W-3DARUMA	Hitachi
ZX190W-3M	Hitachi
ZX200	Hitachi
ZX200-3	Hitachi
ZX200-3-HCMC	Hitachi
ZX200-3F	Hitachi
ZX200-3G	Hitachi
ZX200-5G	Hitachi
ZX200-E	Hitachi
ZX200-HHE	Hitachi
ZX200-X	Hitachi
ZX200LC-3G	Hitachi
ZX200LC-5G	Hitachi
ZX200LC-HHE	Hitachi
ZX20U	Hitachi
ZX210H	Hitachi
ZX220W-3	Hitachi
ZX225US	Hitachi
ZX230	Hitachi
ZX240-3	Hitachi
ZX25	Hitachi
ZX250H-3	Hitachi
ZX270	Hitachi
ZX27U	Hitachi
ZX280L-3	Hitachi
ZX290-5G	Hitachi
ZX29U-3	Hitachi
ZX30	Hitachi
ZX300W	Hitachi
ZX330	Hitachi
ZX35	Hitachi
ZX350H	Hitachi
ZX360W-3	Hitachi
ZX370MTH	Hitachi
ZX380HH	Hitachi
ZX40	Hitachi
ZX400R-3	Hitachi
ZX450	Hitachi
ZX470H-3	Hitachi
ZX480MT	Hitachi
ZX50	Hitachi
ZX500LC	Hitachi
ZX520LCH-3	Hitachi
ZX55UR	Hitachi
ZX600	Hitachi
ZX60USB-3	Hitachi
ZX650H	Hitachi
ZX670LCH-3	Hitachi
ZX70	Hitachi
ZX75UR	Hitachi
ZX8-2	Hitachi
ZX800	Hitachi
ZX80SB	Hitachi
ZX850H	Hitachi
ZX85USB-3	Hitachi
ZX870H-3	Hitachi
ZX95	Hitachi
AH350	Hitachi
CG15D	Hitachi
CG45	Hitachi
CHR70	Hitachi
EG30	Hitachi
EG40R	Hitachi
EG65R-3	Hitachi
EH1100-3	Hitachi
EH3500AC2	Hitachi
EH4000	Hitachi
EH5000	Hitachi
HC25E	Hyundai
HC50E	Hyundai
H70	Hyundai
H80	Hyundai
R110-7	Hyundai
R1200-9	Hyundai
R120W	Hyundai
R125LCR-9A	Hyundai
R130LC	Hyundai
R130LC3	Hyundai
R130W	Hyundai
R130W3	Hyundai
R140LC-7	Hyundai
R140LC9	Hyundai
R140W7	Hyundai
R140W7A	Hyundai
R140W9	Hyundai
R15-7	Hyundai
R16-9	Hyundai
R160LC3	Hyundai
R160LC7	Hyundai
R160LC9	Hyundai
R170W3	Hyundai
R170W7	Hyundai
R170W7A	Hyundai
R170W9	Hyundai
R180LC3	Hyundai
R180LC7	Hyundai
R180LC9	Hyundai
R180LC9A	Hyundai
R180W9A	Hyundai
R200LC	Hyundai
R200NLC3	Hyundai
R200W2	Hyundai
R200W3	Hyundai
R200W7	Hyundai
R200W7A	Hyundai
R210LC	Hyundai
R210LC3	Hyundai
R210LC7	Hyundai
R210LC9BC	Hyundai
R210W-9	Hyundai
R210W9AMH	Hyundai
R210W9S	Hyundai
R220-7	Hyundai
R220LC9A	Hyundai
R235LCR9	Hyundai
R235LCR9A	Hyundai
R250LC3	Hyundai
R250LC7	Hyundai
R250LC9	Hyundai
R250LC9A	Hyundai
R27Z-9	Hyundai
R28-7	Hyundai
R280LC	Hyundai
R290LC	Hyundai
R290LC3	Hyundai
R290LC7	Hyundai
R290LC9	Hyundai
R290LC9MH	Hyundai
R300LC7	Hyundai
R300LC9A	Hyundai
R320LC	Hyundai
R320LC3	Hyundai
R320LC7	Hyundai
R320LC9	Hyundai
R330LC-9A	Hyundai
R35-7	Hyundai
R35Z9	Hyundai
R360LC3	Hyundai
R360LC7	Hyundai
R360LC9	Hyundai
R36N-7	Hyundai
R380LC9A	Hyundai
R380LC9MH	Hyundai
R390LC9	Hyundai
R420	Hyundai
R430LC9	Hyundai
R450LC3	Hyundai
R450LC7	Hyundai
R480LC9	Hyundai
R500LC7	Hyundai
R520LC9	Hyundai
R520LC9A	Hyundai
R55-3	Hyundai
R55-7	Hyundai
R55-9	Hyundai
R55W-3	Hyundai
R55W-9	Hyundai
R55W7	Hyundai
R55W7A	Hyundai
R60CR-9	Hyundai
R75-7	Hyundai
R80-7	Hyundai
R800LC7A	Hyundai
R80CR-9	Hyundai
R95W3	Hyundai
RD110-7	Hyundai
RD210-7	Hyundai
RD220-7	Hyundai
RD340LC-7	Hyundai
RD510LC-7	Hyundai
RD80-7	Hyundai
100D-7	Hyundai
10BOP-7	Hyundai
10BTR-9	Hyundai
13BR	Hyundai
15BT-9	Hyundai
15G-7A	Hyundai
15P-7	Hyundai
160D-7E	Hyundai
16B-9	Hyundai
16BRJ-7	Hyundai
180DE	Hyundai
18BR	Hyundai
20B-7	Hyundai
20BC-7	Hyundai
20BC-9	Hyundai
20BRJ-7	Hyundai
20BT	Hyundai
20DA-7E	Hyundai
20GA-7	Hyundai
20LA	Hyundai
20LC-7	Hyundai
20LCA-7	Hyundai
22B-9	Hyundai
22BH-9	Hyundai
23BRP-7	Hyundai
25BR	Hyundai
25D-7	Hyundai
25LC-7A	Hyundai
30BH-7	Hyundai
30BHA-7	Hyundai
30D-7E	Hyundai
30G-7	Hyundai
30L-7	Hyundai
30L-7A	Hyundai
32B-7	Hyundai
33DF	Hyundai
35D-7	Hyundai
40DE-7AE	Hyundai
40TA	Hyundai
45DS-7	Hyundai
45L	Hyundai
50B	Hyundai
50DA-7E	Hyundai
60DE	Hyundai
70DS-7E	Hyundai
80D-7	Hyundai
HBF18-3	Hyundai
HBF18T-5	Hyundai
HBF20-7	Hyundai
HBF30C-7	Hyundai
HBR18-7	Hyundai
HBR25-7	Hyundai
HDF15-3	Hyundai
HDF15/HDF18-5	Hyundai
HDF20/HDF25/HDF30-5	Hyundai
HDF35/HDF45-3	Hyundai
HDF50	Hyundai
HDF50/HDF70-3	Hyundai
HDF70-7S	Hyundai
HDF80-3	Hyundai
HLF15-5	Hyundai
HLF15C-3	Hyundai
HLF18-5	Hyundai
HLF25-5	Hyundai
HLF30C-5	Hyundai
HL730-7	Hyundai
HL730-9	Hyundai
HL730TM-9	Hyundai
HL730TM7	Hyundai
HL740-3ATM	Hyundai
HL740-7	Hyundai
HL740-9	Hyundai
HL740TM-7A	Hyundai
HL740TM-9	Hyundai
HL757-7	Hyundai
HL757-9	Hyundai
HL757TM-9	Hyundai
HL757TM7	Hyundai
HL760-7	Hyundai
HL760-7A	Hyundai
HL760-9	Hyundai
HL770-7	Hyundai
HL770-7A	Hyundai
HL770-9	Hyundai
HL780-7A	Hyundai
HL780-9	Hyundai
HL780-9S	Hyundai
HL7803A	Hyundai
HL850EX	Hyundai
HSL1200T	Hyundai
HSL1500T	Hyundai
HSL400T	Hyundai
HSL650-7	Hyundai
HSL650-7A	Hyundai
HSL680T	Hyundai
HSL800-7	Hyundai
HSL800T	Hyundai
HSL850-7A	Hyundai
HSL960T	Hyundai
SL730	Hyundai
SL733	Hyundai
SL763	Hyundai
SL763G	Hyundai
SL765	Hyundai
1CX	JCB
2CX	JCB
2CXL	JCB
2CXS	JCB
2CXU LE	JCB
2DX	JCB
3CX 35	JCB
3CX-2	JCB
3CX-4	JCB
3CX444 SUPER	JCB
3CXE	JCB
3CXHM	JCB
3CXS	JCB
3CXSM-4T	JCB
3CXT	JCB
3D-2	JCB
3D-4	JCB
3DS-2	JCB
4C	JCB
4C-2	JCB
4C444	JCB
4CN	JCB
4CXSM	JCB
JS110	JCB
JS115	JCB
JS130	JCB
JS145	JCB
JS150LC	JCB
JS160	JCB
JS175W	JCB
JS180	JCB
JS190	JCB
JS200	JCB
JS210	JCB
JS240	JCB
JS260	JCB
JS330	JCB
JS360	JCB
JS450LC	JCB
JZ140	JCB
JZ255	JCB
403	JCB
407	JCB
409	JCB
410	JCB
411	JCB
412	JCB
414S	JCB
415	JCB
416	JCB
420	JCB
425	JCB
430	JCB
446	JCB
456	JCB
TM180	JCB
TM200	JCB
TM300	JCB
712	JCB
714	JCB
716	JCB
718	JCB
722	JCB
45Z IV	Kawasaki
60ZIV-2	Kawasaki
65ZV	Kawasaki
70ZV-2	Kawasaki
80ZV	Kawasaki
80ZV-2	Kawasaki
90ZIV-2	Kawasaki
90ZV-2	Kawasaki
WB91R-1	Komatsu
WB150PS-2	Komatsu
WB70A-1	Komatsu
WB91R-1	Komatsu
WB95R-1	Komatsu
WB97R-2	Komatsu
WB97S-2	Komatsu
LC755-3-EC	Komatsu
LW100-1H	Komatsu
LW160-1	Komatsu
LW200L-1	Komatsu
LW250-5H	Komatsu
LW250L-1X	Komatsu
D135A-1	Komatsu
D150A-1	Komatsu
D155A-1	Komatsu
D20A-2	Komatsu
D21A-3	Komatsu
D275A-2	Komatsu
D30AM-17	Komatsu
D31A-16	Komatsu
D355A-3	Komatsu
D37E-5	Komatsu
D39EX-21	Komatsu
D40A-1	Komatsu
D45A-1	Komatsu
D50A-16	Komatsu
D58E-1	Komatsu
D60A-8	Komatsu
D65A-6	Komatsu
D65EX-12	Komatsu
D70-LE	Komatsu
D75A-1	Komatsu
D80A-12	Komatsu
D85A-12	Komatsu
D95S-1	Komatsu
PC01-1A	Komatsu
PC05-6	Komatsu
PC10-6	Komatsu
PC100-1	Komatsu
PC1000-1	Komatsu
PC1100-6	Komatsu
PC1250-7	Komatsu
PC15-2	Komatsu
PC150-1	Komatsu
PC1600-1	Komatsu
PC1800-6	Komatsu
PC20-6	Komatsu
PC200-2	Komatsu
PC2000-8	Komatsu
PC25-1	Komatsu
PC250-6	Komatsu
PC30-6	Komatsu
PC300	Komatsu
PC350-6	Komatsu
PC35R-8	Komatsu
PC40-5	Komatsu
PC400	Komatsu
PC45-1	Komatsu
PC450-6	Komatsu
PC50UU-1	Komatsu
PC60-3	Komatsu
PC600-6A	Komatsu
PC650-1	Komatsu
PC70-6	Komatsu
PC710-5	Komatsu
PC750-6	Komatsu
PC75R-2	Komatsu
PC800-6-AW	Komatsu
PC90-1	Komatsu
PC95-1	Komatsu
GD305	Komatsu
GD405	Komatsu
GD505	Komatsu
GD510	Komatsu
GD525	Komatsu
GD530	Komatsu
GD555	Komatsu
GD605	Komatsu
GD611	Komatsu
GD625	Komatsu
GD650	Komatsu
GD655	Komatsu
GD661	Komatsu
GD670	Komatsu
GD675	Komatsu
GD705	Komatsu
GD725	Komatsu
GD750	Komatsu
GD825	Komatsu
WA700-1R	Komatsu
SK04	Komatsu
SK05	Komatsu
SK07	Komatsu
SK09	Komatsu
SK714	Komatsu
SK815	Komatsu
WA100-1-A	Komatsu
WA120-1	Komatsu
WA120-1LC	Komatsu
WA120-3	Komatsu
WA120-3-3T	Komatsu
WA120-3-4T	Komatsu
WA120-3A	Komatsu
WA120-3CS	Komatsu
WA120-3D	Komatsu
WA120-3L	Komatsu
WA120L-3	Komatsu
WA150-1A	Komatsu
WA150L-5	Komatsu
WA180-1	Komatsu
WA180-1LC	Komatsu
WA180-3	Komatsu
WA180-3A	Komatsu
WA180-3L	Komatsu
WA180-3PTC	Komatsu
WA180-3X	Komatsu
WA180L-3	Komatsu
WA180PT-3	Komatsu
WA200-1-A	Komatsu
WA200-5L	Komatsu
WA200L-5	Komatsu
WA200PT-5L	Komatsu
WA200PTL-5	Komatsu
WA250-1	Komatsu
WA250-1LC	Komatsu
WA250-3-X	Komatsu
WA250-3A	Komatsu
WA250-3L	Komatsu
WA250-3MC	Komatsu
WA250-5L	Komatsu
WA250L-3	Komatsu
WA250L-3-KM	Komatsu
WA250L-5	Komatsu
WA250PT-3	Komatsu
WA250PT-3MC	Komatsu
WA250PT-5L	Komatsu
WA250PTL-5	Komatsu
WA30-5-NA	Komatsu
WA30-5NA	Komatsu
WA300-1-A	Komatsu
WA300L-3	Komatsu
WA320-1	Komatsu
WA320-1LC	Komatsu
WA320-1R	Komatsu
WA320-3	Komatsu
WA320-3-BO	Komatsu
WA320-3-DZ	Komatsu
WA320-3-XR	Komatsu
WA320-3CS	Komatsu
WA320-3L	Komatsu
WA320-3X	Komatsu
WA320-5L	Komatsu
WA320L-5	Komatsu
WA350-1-B	Komatsu
WA350-1M	Komatsu
WA380-1	Komatsu
WA380-1LC	Komatsu
WA380-3	Komatsu
WA380-3L	Komatsu
WA380-3X	Komatsu
WA380-5	Komatsu
WA380-5L	Komatsu
WA380-5W	Komatsu
WA40-3-W	Komatsu
WA40-3-X	Komatsu
WA400-1-A	Komatsu
WA400-5	Komatsu
WA400-5L	Komatsu
WA420-1	Komatsu
WA420-1LC	Komatsu
WA420-3	Komatsu
WA420-3CS	Komatsu
WA420-3X	Komatsu
WA420-3XR	Komatsu
WA430-5-W	Komatsu
WA450-1-A	Komatsu
WA450-2	Komatsu
WA450-3	Komatsu
WA450-3A	Komatsu
WA450-3L	Komatsu
WA450-3LL	Komatsu
WA450-5L	Komatsu
WA450L-3	Komatsu
WA470-1	Komatsu
WA470-1L	Komatsu
WA470-3	Komatsu
WA470-3X	Komatsu
WA470-5	Komatsu
WA470-5W	Komatsu
WA480-5L	Komatsu
WA480-5W	Komatsu
WA50-3	Komatsu
WA50-3-NA	Komatsu
WA50-3NA-X	Komatsu
WA500-1-A	Komatsu
WA500-1L	Komatsu
WA500-1LC	Komatsu
WA500-1LE	Komatsu
WA500-3	Komatsu
WA500-3D	Komatsu
WA500-3L	Komatsu
WA500-3LK	Komatsu
WA600-1-A	Komatsu
WA600-1H	Komatsu
WA600-1L	Komatsu
WA600-1LC	Komatsu
WA600-1LE	Komatsu
WA600-3	Komatsu
WA600-3D	Komatsu
WA600-3L	Komatsu
WA600-3LK	Komatsu
WA65-3	Komatsu
WA65-5	Komatsu
WA70-1	Komatsu
WA70-5	Komatsu
WA700-1-A	Komatsu
WA700-1L	Komatsu
WA700-3	Komatsu
WA700-3B	Komatsu
WA700-3D	Komatsu
WA700-3L	Komatsu
WA80-5	Komatsu
WA800-1	Komatsu
WA800-2	Komatsu
WA800-2L	Komatsu
WA800-2LC	Komatsu
WA800-3	Komatsu
WA800-3LC	Komatsu
WA800L-3	Komatsu
WA85-3	Komatsu
WA90-3	Komatsu
WA900-1	Komatsu
WA95-3	Komatsu
WR11SS-1	Komatsu
DA30	Moxy
DA40	Moxy
MT25	Moxy
MT26	Moxy
MT30	Moxy
MT31	Moxy
MT36	Moxy
MT40B	Moxy
MT41	Moxy
BL60	Volvo
BL61	Volvo
BL70	Volvo
BL71	Volvo
EC13	Volvo
EC130	Volvo
EC130C	Volvo
EC135B LC	Volvo
EC140 LC	Volvo
EC140B LCM	Volvo
EC140BLC	Volvo
EC140C L	Volvo
EC15	Volvo
EC150	Volvo
EC150C	Volvo
EC150LC	Volvo
EC160	Volvo
EC160B	Volvo
EC160B LC	Volvo
EC160B NLC	Volvo
EC160C L	Volvo
EC180BLC	Volvo
EC180CL	Volvo
EC20	Volvo
EC200	Volvo
EC200B	Volvo
EC210	Volvo
EC210 F	Volvo
EC210 LC	Volvo
EC210B F	Volvo
EC210B FX	Volvo
EC210B LC	Volvo
EC210B LR	Volvo
EC210B NC	Volvo
EC210B NLC	Volvo
EC210C LD	Volvo
EC230B	Volvo
EC235	Volvo
EC235C NL	Volvo
EC240 LC	Volvo
EC240B	Volvo
EC240B FX	Volvo
EC240B LC	Volvo
EC240B LR	Volvo
EC240B NLC	Volvo
EC240C LD	Volvo
EC25	Volvo
EC280	Volvo
EC290 LC	Volvo
EC290 LR	Volvo
EC290 NLC	Volvo
EC290B FX	Volvo
EC290B LR	Volvo
EC290B NLC	Volvo
EC290BLC	Volvo
EC30	Volvo
EC300	Volvo
EC330B LC	Volvo
EC330C L	Volvo
EC330C LD	Volvo
EC340	Volvo
EC35	Volvo
EC360	Volvo
EC360BLC	Volvo
EC360BLR	Volvo
EC360BNLC	Volvo
EC360CHR	Volvo
EC360CL	Volvo
EC360CNL	Volvo
EC360LC	Volvo
EC360NLC	Volvo
EC390	Volvo
EC420	Volvo
EC45	Volvo
EC450	Volvo
EC450CHR	Volvo
EC460	Volvo
EC460BLC	Volvo
EC460BLR	Volvo
EC460CL	Volvo
EC460CLD	Volvo
EC50	Volvo
EC55	Volvo
EC60	Volvo
EC620	Volvo
EC650	Volvo
EC70	Volvo
EC700BHR	Volvo
EC700BLC	Volvo
EC700CL	Volvo
EC700CLD	Volvo
ECR145CL	Volvo
ECR235CL	Volvo
ECR28	Volvo
ECR305CL	Volvo
ECR38	Volvo
ECR48	Volvo
ECR58	Volvo
ECR88	Volvo
EW130	Volvo
EW130C	Volvo
EW140	Volvo
EW140B	Volvo
EW140C	Volvo
EW145B	Volvo
EW150C	Volvo
EW160	Volvo
EW160B	Volvo
EW160C	Volvo
EW170	Volvo
EW170 KR	Volvo
EW180	Volvo
EW180B	Volvo
EW180C	Volvo
EW200	Volvo
EW200B	Volvo
EW210C	Volvo
EW230B	Volvo
EW230C	Volvo
EW50	Volvo
EW60	Volvo
EW70	Volvo
G710	Volvo
G716	Volvo
G720	Volvo
G726	Volvo
G730	Volvo
G736	Volvo
G740	Volvo
G780	Volvo
G930	Volvo
G940	Volvo
G960	Volvo
G970	Volvo
G990	Volvo
L220D	Volvo
4200BM	Volvo
4600BM	Volvo
L110E	Volvo
L110F	Volvo
L120E	Volvo
L150BM	Volvo
L160BM	Volvo
L180BM	Volvo
L20B	Volvo
L25B	Volvo
L30	Volvo
L330C	Volvo
L330E	Volvo
L35	Volvo
L40	Volvo
L45	Volvo
L50	Volvo
L50B	Volvo
L60E	Volvo
L70F	Volvo
L90F	Volvo
MC110	Volvo
MC60	Volvo
MC70	Volvo
MC80	Volvo
MC90	Volvo
ZL302C	Volvo
ZL502C	Volvo
5350 BM	Volvo
860BM	Volvo
A20 BM	Volvo
A25 BM	Volvo
A30 BM	Volvo
A35 BM	Volvo
A40	Volvo
T450D	Volvo
SD100C	Volvo
SD105F	Volvo
SD110	Volvo
SD115D	Volvo
SD122	Volvo
SD130D	Volvo
SD150	Volvo
SD160DX	Volvo
SD190DX	Volvo
SD200DX	Volvo
SD25D	Volvo
SD45D	Volvo
SD70D	Volvo
SD77DA	Volvo
